dataset,axis,value,unit,n_frames,n_points_mean,n_eligible_objects,n_object_points,fov_pct_mean,retention_pct,alignment_drop_pp,object_macro_retention_pct,object_macro_drop_pp,frame_pixel_p50_mean,frame_pixel_p95_mean
kitti,baseline,0,none,20,119318.45,82,45358,15.75434659,62.58873848,0,91.25235957,0,0,0
kitti,lateral,-0.1,m,20,119318.45,82,45358,15.74995884,62.6879492,-0.09921072358,91.08927353,0.1630860373,6.011755635,13.53712804
kitti,lateral,-0.05,m,20,119318.45,82,45358,15.75124656,62.72101945,-0.1322809648,91.51443578,-0.2620762157,3.005867207,6.768506265
kitti,lateral,-0.02,m,20,119318.45,82,45358,15.7529861,62.67692579,-0.08818730985,91.50856952,-0.2562099512,1.202344336,2.707388645
kitti,lateral,0.02,m,20,119318.45,82,45358,15.75598285,62.52700736,0.06173111689,91.04200158,0.2103579906,1.202340941,2.707370166
kitti,lateral,0.05,m,20,119318.45,82,45358,15.75804468,62.35945147,0.2292870056,90.57436907,0.6779904982,3.005845987,6.768390769
kitti,lateral,0.1,m,20,119318.45,82,45358,15.75998357,61.87662595,0.712112527,89.11631972,2.136039845,6.011670757,13.53666606
kitti,pitch,-1,deg,20,119318.45,82,45358,16.51526048,59.36328762,3.225450858,77.10023218,14.15212739,13.0033687,14.03659396
kitti,pitch,1,deg,20,119318.45,82,45358,15.01970822,56.99325367,5.59548481,72.08242249,19.16993707,13.05047847,14.17947863
kitti,roll,-1,deg,20,119318.45,82,45358,15.7457622,61.71127475,0.877463733,89.77579584,1.476563733,4.925766862,10.13509647
kitti,roll,1,deg,20,119318.45,82,45358,15.75734751,62.10150359,0.4872348869,88.68628799,2.566071581,4.92575254,10.13500366
kitti,yaw,-3,deg,20,119318.45,82,45358,15.7310618,47.87689052,14.71184797,36.86794906,54.38441051,43.80112772,63.16512569
kitti,yaw,-2,deg,20,119318.45,82,45358,15.73996175,53.64874994,8.939988536,50.89677838,40.35558119,29.19279498,41.98486029
kitti,yaw,-1,deg,20,119318.45,82,45358,15.74527036,59.99603157,2.592706909,73.32727148,17.92508809,14.59337435,20.96902565
kitti,yaw,-0.5,deg,20,119318.45,82,45358,15.74773396,62.18307686,0.4056616253,86.18604945,5.066310115,7.295792677,10.4821955
kitti,yaw,0.5,deg,20,119318.45,82,45358,15.76123161,61.15128533,1.43745315,82.13650644,9.115853133,7.295129349,10.47708985
kitti,yaw,1,deg,20,119318.45,82,45358,15.76445061,58.31385864,4.274879845,67.27434431,23.97801526,14.59049098,20.95217295
kitti,yaw,2,deg,20,119318.45,82,45358,15.7661098,52.48026809,10.10847039,47.8878424,43.36451716,29.18789049,41.91053046
kitti,yaw,3,deg,20,119318.45,82,45358,15.77397602,47.42052119,15.16821729,35.41806566,55.8342939,43.78865506,62.87514987
nuscenes,baseline,0,none,80,34718.8,196,27106,8.726873938,53.45679923,0,79.52178635,0,0,0
nuscenes,lateral,-0.1,m,80,34718.8,196,27106,8.724066809,53.36087951,0.09591972257,79.28812725,0.2336591009,9.51791574,25.33753123
nuscenes,lateral,-0.05,m,80,34718.8,196,27106,8.726154101,53.43097469,0.02582454069,79.41782769,0.1039586622,4.75883747,12.66794743
nuscenes,lateral,-0.02,m,80,34718.8,196,27106,8.725254831,53.40515015,0.05164908138,79.47843565,0.04335070417,1.903506094,5.066982646
nuscenes,lateral,0.02,m,80,34718.8,196,27106,8.726153387,53.49000221,-0.03320298089,79.51831457,0.003471783009,1.903467572,5.066720921
nuscenes,lateral,0.05,m,80,34718.8,196,27106,8.728206258,53.43097469,0.02582454069,79.42514061,0.09664574556,4.758596705,12.66631165
nuscenes,lateral,0.1,m,80,34718.8,196,27106,8.728746155,53.46048845,-0.003689220099,79.3351649,0.1866214499,9.516952682,25.3309881
nuscenes,pitch,-1,deg,80,34718.8,196,27106,9.057376255,51.65645982,1.800339408,74.97723051,4.544555843,23.26795318,26.8306094
nuscenes,pitch,1,deg,80,34718.8,196,27106,8.344010845,50.5681399,2.888659337,70.92107716,8.600709198,23.31492533,27.18722577
nuscenes,roll,-1,deg,80,34718.8,196,27106,8.719926776,53.19855383,0.2582454069,78.82799737,0.6937889824,8.024913338,13.8341016
nuscenes,roll,1,deg,80,34718.8,196,27106,8.741307914,53.42359625,0.03320298089,79.26016396,0.2616223925,8.024791262,13.83207659
nuscenes,yaw,-3,deg,80,34718.8,196,27106,8.73538228,45.79428909,7.662510145,60.05659547,19.46519088,75.82717983,93.34728309
nuscenes,yaw,-2,deg,80,34718.8,196,27106,8.73445176,49.75651147,3.700287759,69.36481068,10.15697567,50.54262352,62.12188527
nuscenes,yaw,-1,deg,80,34718.8,196,27106,8.72873789,52.60458939,0.8522098428,76.81889888,2.702887476,25.26916307,31.05830382
nuscenes,yaw,-0.5,deg,80,34718.8,196,27106,8.727266038,53.20962149,0.2471777466,78.92473719,0.5970491689,12.63406788,15.5362032
nuscenes,yaw,0.5,deg,80,34718.8,196,27106,8.723567856,53.40146093,0.05533830148,78.97278105,0.5490053047,12.63389619,15.57959755
nuscenes,yaw,1,deg,80,34718.8,196,27106,8.72371605,52.70050911,0.7562901203,77.15149747,2.370288881,25.27088246,31.22546907
nuscenes,yaw,2,deg,80,34718.8,196,27106,8.717850648,49.87825574,3.578543496,70.30254993,9.219236422,50.5511839,62.78992289
nuscenes,yaw,3,deg,80,34718.8,196,27106,8.712021552,45.91972257,7.537076662,60.56762525,18.95416111,75.84774955,94.89236374
