dataset,frame_id,axis,value,split,alignment_drop_pp,threshold_pp,actionable_drift,detected,fov_pct,pixel_shift_p50
kitti,000004,baseline,0,train,0,2.175940318,False,False,16.43702145,0
kitti,000004,yaw,-3,train,82.52427184,2.175940318,True,True,16.42494999,44.38670097
kitti,000004,yaw,-2,train,54.36893204,2.175940318,True,True,16.44047044,29.58275864
kitti,000004,yaw,-1,train,22.33009709,2.175940318,True,True,16.45167966,14.78288223
kitti,000004,yaw,-0.5,train,7.766990291,2.175940318,False,True,16.44823067,7.38997239
kitti,000004,yaw,0.5,train,5.825242718,2.175940318,False,True,16.42839898,7.38766475
kitti,000004,yaw,1,train,20.38834951,2.175940318,True,True,16.41029178,14.7778318
kitti,000004,yaw,2,train,45.63106796,2.175940318,True,True,16.36114368,29.55560808
kitti,000004,yaw,3,train,79.61165049,2.175940318,True,True,16.35252121,44.34092345
kitti,000007,baseline,0,test,0,2.175940318,False,False,15.81703285,0
kitti,000007,yaw,-3,test,78.7037037,2.175940318,True,True,15.89195264,43.96983103
kitti,000007,yaw,-2,test,53.7037037,2.175940318,True,True,15.88625222,29.32064315
kitti,000007,yaw,-1,test,25.46296296,2.175940318,True,True,15.76817212,14.65133814
kitti,000007,yaw,-0.5,test,7.87037037,2.175940318,False,True,15.75839997,7.32391555
kitti,000007,yaw,0.5,test,9.259259259,2.175940318,False,True,15.82517631,7.323785179
kitti,000007,yaw,1,test,25.46296296,2.175940318,True,True,15.78853076,14.6464069
kitti,000007,yaw,2,test,54.62962963,2.175940318,True,True,15.66475024,29.298256
kitti,000007,yaw,3,test,80.55555556,2.175940318,True,True,15.6908093,43.95674546
kitti,000008,baseline,0,train,0,2.175940318,False,False,14.0655216,0
kitti,000008,yaw,-3,train,5.661684648,2.175940318,True,True,13.95210314,43.2517993
kitti,000008,yaw,-2,train,2.939720875,2.175940318,True,True,13.95781486,28.83375827
kitti,000008,yaw,-1,train,0.593883005,2.175940318,True,False,14.00269267,14.41074016
kitti,000008,yaw,-0.5,train,0.06928635059,2.175940318,False,False,14.0328832,7.203731274
kitti,000008,yaw,0.5,train,0.2573493022,2.175940318,False,False,14.10060789,7.202475985
kitti,000008,yaw,1,train,1.059091359,2.175940318,True,False,14.1291665,14.41191632
kitti,000008,yaw,2,train,3.56329803,2.175940318,True,True,14.18465179,28.83566814
kitti,000008,yaw,3,train,6.047708601,2.175940318,True,True,14.22708172,43.26483553
kitti,000009,baseline,0,test,0,2.175940318,False,False,15.66312698,0
kitti,000009,yaw,-3,test,68.03652968,2.175940318,True,True,15.68894842,44.10744861
kitti,000009,yaw,-2,test,43.37899543,2.175940318,True,True,15.68652766,29.39701067
kitti,000009,yaw,-1,test,19.6347032,2.175940318,True,True,15.67765154,14.69366555
kitti,000009,yaw,-0.5,test,6.392694064,2.175940318,False,True,15.6760377,7.345698817
kitti,000009,yaw,0.5,test,7.305936073,2.175940318,False,True,15.6639339,7.344576319
kitti,000009,yaw,1,test,17.80821918,2.175940318,True,True,15.65021625,14.68817199
kitti,000009,yaw,2,test,45.20547945,2.175940318,True,True,15.63891937,29.37999143
kitti,000009,yaw,3,test,69.8630137,2.175940318,True,True,15.63891937,44.07735413
kitti,000010,baseline,0,train,0,2.175940318,False,False,14.20841424,0
kitti,000010,yaw,-3,train,19.76065382,2.175940318,True,True,14.42675297,43.74075291
kitti,000010,yaw,-2,train,12.52189142,2.175940318,True,True,14.36548004,29.12783126
kitti,000010,yaw,-1,train,4.582603619,2.175940318,True,True,14.28694714,14.55038214
kitti,000010,yaw,-0.5,train,1.576182137,2.175940318,False,False,14.2403452,7.275482686
kitti,000010,yaw,0.5,train,-0.2918855809,2.175940318,False,False,14.1635383,7.273551893
kitti,000010,yaw,1,train,1.37186223,2.175940318,True,False,14.12642934,14.54769096
kitti,000010,yaw,2,train,5.312317572,2.175940318,True,True,14.06601942,29.09209495
kitti,000010,yaw,3,train,9.719789842,2.175940318,True,True,14.04185545,43.63890368
kitti,000011,baseline,0,test,0,2.175940318,False,False,18.46783452,0
kitti,000011,yaw,-3,test,10.32926182,2.175940318,True,True,18.36228288,43.79171322
kitti,000011,yaw,-2,test,6.797663303,2.175940318,True,True,18.40302211,29.18052231
kitti,000011,yaw,-1,test,2.230483271,2.175940318,True,True,18.45579793,14.59404137
kitti,000011,yaw,-0.5,test,0.3717472119,2.175940318,False,False,18.47616755,7.298168112
kitti,000011,yaw,0.5,test,2.310143388,2.175940318,False,True,18.46783452,7.297467408
kitti,000011,yaw,1,test,5.655868295,2.175940318,True,True,18.47338987,14.60068215
kitti,000011,yaw,2,test,12.00212427,2.175940318,True,True,18.48357468,29.23915215
kitti,000011,yaw,3,test,16.11789697,2.175940318,True,True,18.46968631,43.89460758
kitti,000015,baseline,0,train,0,2.175940318,False,False,14.95639689,0
kitti,000015,yaw,-3,train,5.688529686,2.175940318,True,True,14.93029213,43.09854454
kitti,000015,yaw,-2,train,2.580043519,2.175940318,True,True,14.95068647,28.69504273
kitti,000015,yaw,-1,train,0.4196456326,2.175940318,True,False,14.96700195,14.33105633
kitti,000015,yaw,-0.5,train,-0.3885607709,2.175940318,False,False,14.96700195,7.165641947
kitti,000015,yaw,0.5,train,2.175940317,2.175940318,False,False,14.99310671,7.176634971
kitti,000015,yaw,1,train,4.678271682,2.175940318,True,True,15.04368469,14.35874274
kitti,000015,yaw,2,train,7.911097296,2.175940318,True,True,15.06734213,28.74236538
kitti,000015,yaw,3,train,10.00932546,2.175940318,True,True,15.12444629,43.05540653
kitti,000016,baseline,0,test,0,2.175940318,False,False,15.80260016,0
kitti,000016,yaw,-3,test,1.505174036,2.175940318,True,False,15.77783674,43.55766699
kitti,000016,yaw,-2,test,-1.599247413,2.175940318,True,False,15.80348457,29.03359131
kitti,000016,yaw,-1,test,-2.963311383,2.175940318,True,False,15.81232865,14.51922439
kitti,000016,yaw,-0.5,test,-1.881467545,2.175940318,False,False,15.81409746,7.260374899
kitti,000016,yaw,0.5,test,3.104421449,2.175940318,False,True,15.80613779,7.258802581
kitti,000016,yaw,1,test,6.820319849,2.175940318,True,True,15.80525338,14.51502216
kitti,000016,yaw,2,test,14.01693321,2.175940318,True,True,15.81586628,29.04659302
kitti,000016,yaw,3,test,20.60206961,2.175940318,True,True,15.8300168,43.60822722
kitti,000019,baseline,0,train,0,2.175940318,False,False,16.24242634,0
kitti,000019,yaw,-3,train,15.61488673,2.175940318,True,True,16.08771187,44.22375813
kitti,000019,yaw,-2,train,7.362459547,2.175940318,True,True,16.16204396,29.47753226
kitti,000019,yaw,-1,train,0.8090614887,2.175940318,True,False,16.19748135,14.73778015
kitti,000019,yaw,-0.5,train,0,2.175940318,False,False,16.21908952,7.367380524
kitti,000019,yaw,0.5,train,0,2.175940318,False,False,16.2735421,7.36514287
kitti,000019,yaw,1,train,0.8090614887,2.175940318,True,False,16.30033622,14.72770047
kitti,000019,yaw,2,train,5.987055016,2.175940318,True,True,16.34614554,29.44681825
kitti,000019,yaw,3,train,11.16504854,2.175940318,True,True,16.36688937,44.14132496
kitti,000021,baseline,0,test,0,2.175940318,False,False,15.82628133,0
kitti,000021,yaw,-3,test,25.00850629,2.175940318,True,True,15.90292192,43.96258971
kitti,000021,yaw,-2,test,15.99183396,2.175940318,True,True,15.85502156,29.30773178
kitti,000021,yaw,-1,test,7.383463763,2.175940318,True,True,15.81909628,14.65183324
kitti,000021,yaw,-0.5,test,2.585913576,2.175940318,False,True,15.81829794,7.325612528
kitti,000021,yaw,0.5,test,-1.667233753,2.175940318,False,False,15.8214913,7.332662183
kitti,000021,yaw,1,test,-2.313712147,2.175940318,True,False,15.82867635,14.67837492
kitti,000021,yaw,2,test,-0.8846546444,2.175940318,True,False,15.83985311,29.35199998
kitti,000021,yaw,3,test,2.585913576,2.175940318,True,True,15.85741657,43.97591676
kitti,000023,baseline,0,train,0,2.175940318,False,False,15.43616915,0
kitti,000023,yaw,-3,train,100,2.175940318,True,True,15.42869481,44.58943888
kitti,000023,yaw,-2,train,100,2.175940318,True,True,15.43118626,29.68880478
kitti,000023,yaw,-1,train,100,2.175940318,True,True,15.43367771,14.83391417
kitti,000023,yaw,-0.5,train,60,2.175940318,False,True,15.44281301,7.414436369
kitti,000023,yaw,0.5,train,40,2.175940318,False,True,15.43450819,7.408295163
kitti,000023,yaw,1,train,100,2.175940318,True,True,15.43284722,14.81011255
kitti,000023,yaw,2,train,100,2.175940318,True,True,15.44032156,29.59642915
kitti,000023,yaw,3,train,100,2.175940318,True,True,15.44198253,44.38680005
kitti,000025,baseline,0,test,0,2.175940318,False,False,15.13992054,0
kitti,000025,yaw,-3,test,14.20593368,2.175940318,True,True,15.15719468,42.78044681
kitti,000025,yaw,-2,test,8.481675393,2.175940318,True,True,15.13905683,28.52894775
kitti,000025,yaw,-1,test,3.001745201,2.175940318,True,True,15.15201244,14.26787946
kitti,000025,yaw,-0.5,test,1.047120419,2.175940318,False,False,15.1476939,7.136559828
kitti,000025,yaw,0.5,test,1.151832461,2.175940318,False,False,15.14423907,7.136376115
kitti,000025,yaw,1,test,3.141361257,2.175940318,True,True,15.14942132,14.27562263
kitti,000025,yaw,2,test,8.935427574,2.175940318,True,True,15.15028502,28.55856858
kitti,000025,yaw,3,test,14.72949389,2.175940318,True,True,15.12696493,42.84703858
kitti,000031,baseline,0,train,0,2.175940318,False,False,15.57906193,0
kitti,000031,yaw,-3,train,20.52321297,2.175940318,True,True,15.6384233,43.85004491
kitti,000031,yaw,-2,train,10.79587325,2.175940318,True,True,15.60791815,29.28410772
kitti,000031,yaw,-1,train,2.984524687,2.175940318,True,True,15.5864821,14.66844316
kitti,000031,yaw,-0.5,train,0.3684598379,2.175940318,False,False,15.58813102,7.341963615
kitti,000031,yaw,0.5,train,0.8106116433,2.175940318,False,False,15.56339712,7.349124465
kitti,000031,yaw,1,train,3.537214444,2.175940318,True,True,15.53041858,14.70202132
kitti,000031,yaw,2,train,12.30655859,2.175940318,True,True,15.48589755,29.42773409
kitti,000031,yaw,3,train,21.3706706,2.175940318,True,True,15.44302545,44.20566145
kitti,000032,baseline,0,test,0,2.175940318,False,False,16.4628648,0
kitti,000032,yaw,-3,test,13.95623891,2.175940318,True,True,16.46455027,43.94460439
kitti,000032,yaw,-2,test,6.800709639,2.175940318,True,True,16.46707848,29.31149265
kitti,000032,yaw,-1,test,1.448846836,2.175940318,True,False,16.46623575,14.6570821
kitti,000032,yaw,-0.5,test,0.1774098167,2.175940318,False,False,16.46370754,7.327404024
kitti,000032,yaw,0.5,test,0.4435245417,2.175940318,False,False,16.47297764,7.332658137
kitti,000032,yaw,1,test,2.1289178,2.175940318,True,False,16.47213491,14.66581103
kitti,000032,yaw,2,test,7.4512123,2.175940318,True,True,16.47382038,29.34621338
kitti,000032,yaw,3,test,13.48314607,2.175940318,True,True,16.47719133,44.03303782
kitti,000043,baseline,0,train,0,2.175940318,False,False,16.03298774,0
kitti,000043,yaw,-3,train,97.85992218,2.175940318,True,True,15.95957289,43.78037057
kitti,000043,yaw,-2,train,90.85603113,2.175940318,True,True,15.96528293,29.19181493
kitti,000043,yaw,-1,train,32.29571984,2.175940318,True,True,16.00688468,14.5987589
kitti,000043,yaw,-0.5,train,5.836575875,2.175940318,False,True,16.0036218,7.299371955
kitti,000043,yaw,0.5,train,16.34241245,2.175940318,False,True,16.06072224,7.294453876
kitti,000043,yaw,1,train,48.83268482,2.175940318,True,True,16.08029953,14.58348887
kitti,000043,yaw,2,train,94.55252918,2.175940318,True,True,16.12597988,29.16435138
kitti,000043,yaw,3,train,97.85992218,2.175940318,True,True,16.16024015,43.75545963
kitti,000048,baseline,0,test,0,2.175940318,False,False,16.15651111,0
kitti,000048,yaw,-3,test,92.039801,2.175940318,True,True,16.13613206,43.73843906
kitti,000048,yaw,-2,test,76.86567164,2.175940318,True,True,16.17933564,29.14223742
kitti,000048,yaw,-1,test,14.92537313,2.175940318,True,True,16.19726921,14.57409889
kitti,000048,yaw,-0.5,test,-2.487562189,2.175940318,False,False,16.15977175,7.284551481
kitti,000048,yaw,0.5,test,20.89552239,2.175940318,False,True,16.17362951,7.284325904
kitti,000048,yaw,1,test,56.71641791,2.175940318,True,True,16.18259629,14.56888961
kitti,000048,yaw,2,test,91.54228856,2.175940318,True,True,16.20786631,29.17437415
kitti,000048,yaw,3,test,92.039801,2.175940318,True,True,16.21927858,43.79071901
kitti,000049,baseline,0,train,0,2.175940318,False,False,15.91418846,0
kitti,000049,yaw,-3,train,19.96749478,2.175940318,True,True,15.6476766,43.48167149
kitti,000049,yaw,-2,train,11.30717437,2.175940318,True,True,15.73563431,28.99265016
kitti,000049,yaw,-1,train,2.530763873,2.175940318,True,True,15.82007371,14.50968431
kitti,000049,yaw,-0.5,train,0.3714882749,2.175940318,False,False,15.86141383,7.256897998
kitti,000049,yaw,0.5,train,1.602043186,2.175940318,False,False,15.95025112,7.262660752
kitti,000049,yaw,1,train,5.502670072,2.175940318,True,True,15.9854342,14.52844015
kitti,000049,yaw,2,train,14.48804272,2.175940318,True,True,16.03381094,29.08675729
kitti,000049,yaw,3,train,25.19154864,2.175940318,True,True,16.0355701,43.67105109
kitti,000061,baseline,0,test,0,2.175940318,False,False,15.80157609,0
kitti,000061,yaw,-3,test,19.79522184,2.175940318,True,True,15.6945875,42.82236806
kitti,000061,yaw,-2,test,10.92150171,2.175940318,True,True,15.72093543,28.54041163
kitti,000061,yaw,-1,test,-1.365187713,2.175940318,True,False,15.75526759,14.26901804
kitti,000061,yaw,-0.5,test,-5.972696246,2.175940318,False,False,15.78081711,7.132150202
kitti,000061,yaw,0.5,test,5.972696246,2.175940318,False,True,15.81914138,7.134102797
kitti,000061,yaw,1,test,12.79863481,2.175940318,True,True,15.82872244,14.26892372
kitti,000061,yaw,2,test,22.52559727,2.175940318,True,True,15.86145776,28.5435877
kitti,000061,yaw,3,test,32.08191126,2.175940318,True,True,15.8878057,42.83523816
nuscenes,scene-0103_001,baseline,0,train,0,1.145038169,False,False,8.784017528,0
nuscenes,scene-0103_001,yaw,-3,train,95.23809524,1.145038169,True,True,8.942573801,75.30299265
nuscenes,scene-0103_001,yaw,-2,train,95.23809524,1.145038169,True,True,8.887799815,50.17144605
nuscenes,scene-0103_001,yaw,-1,train,61.9047619,1.145038169,True,True,8.812845941,25.09514763
nuscenes,scene-0103_001,yaw,-0.5,train,19.04761905,1.145038169,False,True,8.795548893,12.54102342
nuscenes,scene-0103_001,yaw,0.5,train,-4.761904762,1.145038169,False,False,8.752306273,12.54286171
nuscenes,scene-0103_001,yaw,1,train,-4.761904762,1.145038169,True,False,8.714829336,25.08840587
nuscenes,scene-0103_001,yaw,2,train,28.57142857,1.145038169,True,True,8.662938192,50.16328054
nuscenes,scene-0103_001,yaw,3,train,90.47619048,1.145038169,True,True,8.631226937,75.24644547
nuscenes,scene-0103_004,baseline,0,train,0,1.145038169,False,False,8.802897884,0
nuscenes,scene-0103_004,yaw,-3,train,13.20754717,1.145038169,True,True,8.802897884,75.7020628
nuscenes,scene-0103_004,yaw,-2,train,11.32075472,1.145038169,True,True,8.840271389,50.43915903
nuscenes,scene-0103_004,yaw,-1,train,3.773584906,1.145038169,True,True,8.805772769,25.22363829
nuscenes,scene-0103_004,yaw,-0.5,train,0,1.145038169,False,False,8.800022999,12.60963439
nuscenes,scene-0103_004,yaw,0.5,train,0,1.145038169,False,False,8.774149034,12.60745124
nuscenes,scene-0103_004,yaw,1,train,0,1.145038169,True,False,8.785648574,25.21615522
nuscenes,scene-0103_004,yaw,2,train,3.773584906,1.145038169,True,True,8.811522539,50.42413409
nuscenes,scene-0103_004,yaw,3,train,11.32075472,1.145038169,True,True,8.834521619,75.59279852
nuscenes,scene-0103_005,baseline,0,train,0,1.145038169,False,False,8.879608295,0
nuscenes,scene-0103_005,yaw,-3,train,-6.653620352,1.145038169,True,False,8.798963134,74.97060404
nuscenes,scene-0103_005,yaw,-2,train,-3.522504892,1.145038169,True,False,8.824884793,49.99624738
nuscenes,scene-0103_005,yaw,-1,train,-1.369863014,1.145038169,True,False,8.853686636,24.99399804
nuscenes,scene-0103_005,yaw,-0.5,train,-0.5870841487,1.145038169,False,False,8.862327189,12.50018543
nuscenes,scene-0103_005,yaw,0.5,train,0.5870841487,1.145038169,False,False,8.896889401,12.50174507
nuscenes,scene-0103_005,yaw,1,train,1.56555773,1.145038169,True,True,8.891129032,25.01866409
nuscenes,scene-0103_005,yaw,2,train,3.13111546,1.145038169,True,True,8.954493088,50.03731946
nuscenes,scene-0103_005,yaw,3,train,4.892367906,1.145038169,True,True,8.991935484,75.09296689
nuscenes,scene-0103_007,baseline,0,train,0,1.145038169,False,False,9.060770295,0
nuscenes,scene-0103_007,yaw,-3,train,19.8019802,1.145038169,True,True,9.055004613,75.77886557
nuscenes,scene-0103_007,yaw,-2,train,11.88118812,1.145038169,True,True,9.04923893,50.47448137
nuscenes,scene-0103_007,yaw,-1,train,1.98019802,1.145038169,True,True,9.069418819,25.21698701
nuscenes,scene-0103_007,yaw,-0.5,train,0,1.145038169,False,False,9.055004613,12.60257442
nuscenes,scene-0103_007,yaw,0.5,train,0,1.145038169,False,False,9.055004613,12.60203668
nuscenes,scene-0103_007,yaw,1,train,0.9900990099,1.145038169,True,False,9.052121771,25.20317222
nuscenes,scene-0103_007,yaw,2,train,4.95049505,1.145038169,True,True,9.04923893,50.40417454
nuscenes,scene-0103_007,yaw,3,train,9.900990099,1.145038169,True,True,9.04923893,75.63540486
nuscenes,scene-0103_008,baseline,0,train,0,1.145038169,False,False,8.548387097,0
nuscenes,scene-0103_008,yaw,-3,train,-3.028118241,1.145038169,True,False,8.623271889,75.39466267
nuscenes,scene-0103_008,yaw,-2,train,-2.307137707,1.145038169,True,False,8.652073733,50.21450862
nuscenes,scene-0103_008,yaw,-1,train,-1.0814708,1.145038169,True,False,8.594470046,25.09647446
nuscenes,scene-0103_008,yaw,-0.5,train,-0.5767844268,1.145038169,False,False,8.559907834,12.55002018
nuscenes,scene-0103_008,yaw,0.5,train,0.6488824802,1.145038169,False,False,8.554147465,12.5435929
nuscenes,scene-0103_008,yaw,1,train,1.369863014,1.145038169,True,True,8.559907834,25.07885252
nuscenes,scene-0103_008,yaw,2,train,2.883922134,1.145038169,True,True,8.57718894,50.15106881
nuscenes,scene-0103_008,yaw,3,train,4.470079308,1.145038169,True,True,8.585829493,75.20211609
nuscenes,scene-0103_009,baseline,0,train,0,1.145038169,False,False,8.767281106,0
nuscenes,scene-0103_009,yaw,-3,train,-14.70588235,1.145038169,True,False,8.764400922,75.48421512
nuscenes,scene-0103_009,yaw,-2,train,-10.78431373,1.145038169,True,False,8.773041475,50.29919881
nuscenes,scene-0103_009,yaw,-1,train,-7.843137255,1.145038169,True,False,8.773041475,25.14384929
nuscenes,scene-0103_009,yaw,-0.5,train,-3.921568627,1.145038169,False,False,8.773041475,12.57638039
nuscenes,scene-0103_009,yaw,0.5,train,4.901960784,1.145038169,False,True,8.755760369,12.57600612
nuscenes,scene-0103_009,yaw,1,train,8.823529412,1.145038169,True,True,8.77016129,25.1541713
nuscenes,scene-0103_009,yaw,2,train,17.64705882,1.145038169,True,True,8.735599078,50.32569237
nuscenes,scene-0103_009,yaw,3,train,27.45098039,1.145038169,True,True,8.738479263,75.51110809
nuscenes,scene-0103_010,baseline,0,train,0,1.145038169,False,False,8.986175115,0
nuscenes,scene-0103_010,yaw,-3,train,2.631578947,1.145038169,True,True,8.90264977,75.80069913
nuscenes,scene-0103_010,yaw,-2,train,0.2923976608,1.145038169,True,False,8.951612903,50.54367732
nuscenes,scene-0103_010,yaw,-1,train,-0.8771929825,1.145038169,True,False,8.968894009,25.26684981
nuscenes,scene-0103_010,yaw,-0.5,train,-0.5847953216,1.145038169,False,False,8.986175115,12.63354355
nuscenes,scene-0103_010,yaw,0.5,train,0.2923976608,1.145038169,False,False,9.003456221,12.62798128
nuscenes,scene-0103_010,yaw,1,train,1.169590643,1.145038169,True,True,9.000576037,25.25509659
nuscenes,scene-0103_010,yaw,2,train,3.50877193,1.145038169,True,True,9.003456221,50.50049187
nuscenes,scene-0103_010,yaw,3,train,6.140350877,1.145038169,True,True,9.023617512,75.75552651
nuscenes,scene-0103_011,baseline,0,train,0,1.145038169,False,False,8.928159594,0
nuscenes,scene-0103_011,yaw,-3,train,10.08403361,1.145038169,True,True,8.931042435,76.03594219
nuscenes,scene-0103_011,yaw,-2,train,4.201680672,1.145038169,True,True,8.933925277,50.70247702
nuscenes,scene-0103_011,yaw,-1,train,0.8403361345,1.145038169,True,False,8.922393911,25.37876318
nuscenes,scene-0103_011,yaw,-0.5,train,0,1.145038169,False,False,8.933925277,12.69158986
nuscenes,scene-0103_011,yaw,0.5,train,0,1.145038169,False,False,8.931042435,12.69960147
nuscenes,scene-0103_011,yaw,1,train,0.8403361345,1.145038169,True,False,8.933925277,25.41636308
nuscenes,scene-0103_011,yaw,2,train,4.201680672,1.145038169,True,True,8.945456642,50.83320842
nuscenes,scene-0103_011,yaw,3,train,11.76470588,1.145038169,True,True,8.945456642,76.24999507
nuscenes,scene-0103_012,baseline,0,train,0,1.145038169,False,False,8.714829336,0
nuscenes,scene-0103_012,yaw,-3,train,19.44444444,1.145038169,True,True,8.735009225,76.23657974
nuscenes,scene-0103_012,yaw,-2,train,9.259259259,1.145038169,True,True,8.729243542,50.84711743
nuscenes,scene-0103_012,yaw,-1,train,0,1.145038169,True,False,8.737892066,25.41471494
nuscenes,scene-0103_012,yaw,-0.5,train,0,1.145038169,False,False,8.714829336,12.70605228
nuscenes,scene-0103_012,yaw,0.5,train,0,1.145038169,False,False,8.694649446,12.71244106
nuscenes,scene-0103_012,yaw,1,train,0.9259259259,1.145038169,True,False,8.706180812,25.42696215
nuscenes,scene-0103_012,yaw,2,train,6.481481481,1.145038169,True,True,8.697532288,50.88196657
nuscenes,scene-0103_012,yaw,3,train,13.88888889,1.145038169,True,True,8.686000923,76.33638639
nuscenes,scene-0103_013,baseline,0,train,0,1.145038169,False,False,8.717712177,0
nuscenes,scene-0103_013,yaw,-3,train,11.25,1.145038169,True,True,8.792666052,76.48404246
nuscenes,scene-0103_013,yaw,-2,train,4.375,1.145038169,True,True,8.735009225,50.98327473
nuscenes,scene-0103_013,yaw,-1,train,0,1.145038169,True,False,8.729243542,25.49429042
nuscenes,scene-0103_013,yaw,-0.5,train,0,1.145038169,False,False,8.720595018,12.74190705
nuscenes,scene-0103_013,yaw,0.5,train,0,1.145038169,False,False,8.700415129,12.74967747
nuscenes,scene-0103_013,yaw,1,train,0,1.145038169,True,False,8.688883764,25.49378625
nuscenes,scene-0103_013,yaw,2,train,3.125,1.145038169,True,True,8.688883764,51.04145757
nuscenes,scene-0103_013,yaw,3,train,8.125,1.145038169,True,True,8.674469557,76.58880602
nuscenes,scene-0103_014,baseline,0,train,0,1.145038169,False,False,8.677995392,0
nuscenes,scene-0103_014,yaw,-3,train,8.013937282,1.145038169,True,True,8.718317972,76.74673849
nuscenes,scene-0103_014,yaw,-2,train,2.43902439,1.145038169,True,True,8.698156682,51.18774308
nuscenes,scene-0103_014,yaw,-1,train,0.3484320557,1.145038169,True,False,8.698156682,25.60263898
nuscenes,scene-0103_014,yaw,-0.5,train,0,1.145038169,False,False,8.698156682,12.80059464
nuscenes,scene-0103_014,yaw,0.5,train,0,1.145038169,False,False,8.675115207,12.79373017
nuscenes,scene-0103_014,yaw,1,train,1.742160279,1.145038169,True,True,8.657834101,25.61205361
nuscenes,scene-0103_014,yaw,2,train,6.968641115,1.145038169,True,True,8.626152074,51.27445366
nuscenes,scene-0103_014,yaw,3,train,12.19512195,1.145038169,True,True,8.634792627,76.96773208
nuscenes,scene-0103_015,baseline,0,train,0,1.145038169,False,False,8.461139299,0
nuscenes,scene-0103_015,yaw,-3,train,16.0326087,1.145038169,True,True,8.553390221,77.29117177
nuscenes,scene-0103_015,yaw,-2,train,8.423913043,1.145038169,True,True,8.55050738,51.53095773
nuscenes,scene-0103_015,yaw,-1,train,4.076086957,1.145038169,True,True,8.478436347,25.76709822
nuscenes,scene-0103_015,yaw,-0.5,train,2.173913043,1.145038169,False,True,8.466904982,12.888338
nuscenes,scene-0103_015,yaw,0.5,train,-1.086956522,1.145038169,False,False,8.478436347,12.89139202
nuscenes,scene-0103_015,yaw,1,train,-3.260869565,1.145038169,True,False,8.48420203,25.79481383
nuscenes,scene-0103_015,yaw,2,train,-2.717391304,1.145038169,True,False,8.48420203,51.61779479
nuscenes,scene-0103_015,yaw,3,train,0,1.145038169,True,False,8.475553506,77.51514112
nuscenes,scene-0103_016,baseline,0,train,0,1.145038169,False,False,8.499423963,0
nuscenes,scene-0103_016,yaw,-3,train,10.28277635,1.145038169,True,True,8.568548387,77.40534226
nuscenes,scene-0103_016,yaw,-2,train,7.197943445,1.145038169,True,True,8.545506912,51.66135742
nuscenes,scene-0103_016,yaw,-1,train,3.598971722,1.145038169,True,True,8.539746544,25.83047886
nuscenes,scene-0103_016,yaw,-0.5,train,1.799485861,1.145038169,False,True,8.531105991,12.91541101
nuscenes,scene-0103_016,yaw,0.5,train,-1.799485861,1.145038169,False,False,8.473502304,12.92134491
nuscenes,scene-0103_016,yaw,1,train,-3.856041131,1.145038169,True,False,8.467741935,25.84149365
nuscenes,scene-0103_016,yaw,2,train,-5.141388175,1.145038169,True,False,8.461981567,51.70527432
nuscenes,scene-0103_016,yaw,3,train,-5.398457584,1.145038169,True,False,8.453341014,77.57464629
nuscenes,scene-0103_017,baseline,0,train,0,1.145038169,False,False,8.467741935,0
nuscenes,scene-0103_017,yaw,-3,train,13.12649165,1.145038169,True,True,8.496543779,77.37038421
nuscenes,scene-0103_017,yaw,-2,train,8.830548926,1.145038169,True,True,8.473502304,51.61409147
nuscenes,scene-0103_017,yaw,-1,train,4.057279236,1.145038169,True,True,8.493663594,25.82722955
nuscenes,scene-0103_017,yaw,-0.5,train,2.625298329,1.145038169,False,True,8.499423963,12.91542823
nuscenes,scene-0103_017,yaw,0.5,train,-1.909307876,1.145038169,False,False,8.485023041,12.91629477
nuscenes,scene-0103_017,yaw,1,train,-3.102625298,1.145038169,True,False,8.433179724,25.83603891
nuscenes,scene-0103_017,yaw,2,train,-3.341288783,1.145038169,True,False,8.3640553,51.70559865
nuscenes,scene-0103_017,yaw,3,train,-4.534606205,1.145038169,True,False,8.358294931,77.54716143
nuscenes,scene-0103_018,baseline,0,train,0,1.145038169,False,False,8.446412144,0
nuscenes,scene-0103_018,yaw,-3,train,13.0794702,1.145038169,True,True,8.524034039,77.20171308
nuscenes,scene-0103_018,yaw,-2,train,8.278145695,1.145038169,True,True,8.509659614,51.46764524
nuscenes,scene-0103_018,yaw,-1,train,3.80794702,1.145038169,True,True,8.478035879,25.74828054
nuscenes,scene-0103_018,yaw,-0.5,train,2.152317881,1.145038169,False,True,8.449287029,12.87928466
nuscenes,scene-0103_018,yaw,0.5,train,-1.490066225,1.145038169,False,False,8.409038638,12.88094547
nuscenes,scene-0103_018,yaw,1,train,-3.476821192,1.145038169,True,False,8.432037718,25.75916276
nuscenes,scene-0103_018,yaw,2,train,-3.973509934,1.145038169,True,False,8.406163753,51.55820831
nuscenes,scene-0103_018,yaw,3,train,-3.80794702,1.145038169,True,False,8.331416743,77.39287431
nuscenes,scene-0103_019,baseline,0,train,0,1.145038169,False,False,8.503909844,0
nuscenes,scene-0103_019,yaw,-3,train,9.023668639,1.145038169,True,True,8.607405704,76.86459846
nuscenes,scene-0103_019,yaw,-2,train,4.881656805,1.145038169,True,True,8.572907084,51.25443465
nuscenes,scene-0103_019,yaw,-1,train,2.366863905,1.145038169,True,True,8.526908924,25.62911159
nuscenes,scene-0103_019,yaw,-0.5,train,1.479289941,1.145038169,False,True,8.495285189,12.81779057
nuscenes,scene-0103_019,yaw,0.5,train,-1.775147929,1.145038169,False,False,8.478035879,12.81417605
nuscenes,scene-0103_019,yaw,1,train,-2.662721893,1.145038169,True,False,8.469411224,25.63819712
nuscenes,scene-0103_019,yaw,2,train,-3.846153846,1.145038169,True,False,8.457911684,51.3383593
nuscenes,scene-0103_019,yaw,3,train,-5.473372781,1.145038169,True,False,8.432037718,77.04482794
nuscenes,scene-0103_020,baseline,0,train,0,1.145038169,False,False,8.603821363,0
nuscenes,scene-0103_020,yaw,-3,train,6.459627329,1.145038169,True,True,8.687269797,76.78118456
nuscenes,scene-0103_020,yaw,-2,train,3.97515528,1.145038169,True,True,8.658494475,51.16791238
nuscenes,scene-0103_020,yaw,-1,train,1.739130435,1.145038169,True,True,8.63835175,25.58847305
nuscenes,scene-0103_020,yaw,-0.5,train,0.7453416149,1.145038169,False,False,8.635474217,12.79369512
nuscenes,scene-0103_020,yaw,0.5,train,-0.9937888199,1.145038169,False,False,8.580801105,12.79508113
nuscenes,scene-0103_020,yaw,1,train,-1.49068323,1.145038169,True,False,8.554903315,25.60036544
nuscenes,scene-0103_020,yaw,2,train,-1.98757764,1.145038169,True,False,8.531883057,51.19616892
nuscenes,scene-0103_020,yaw,3,train,-0.9937888199,1.145038169,True,False,8.517495396,76.80184018
nuscenes,scene-0103_021,baseline,0,train,0,1.145038169,False,False,8.621086556,0
nuscenes,scene-0103_021,yaw,-3,train,3.01602262,1.145038169,True,True,8.658494475,76.78266836
nuscenes,scene-0103_021,yaw,-2,train,1.696512724,1.145038169,True,True,8.655616943,51.14845306
nuscenes,scene-0103_021,yaw,-1,train,0.754005655,1.145038169,True,False,8.641229282,25.58175489
nuscenes,scene-0103_021,yaw,-0.5,train,0.3770028275,1.145038169,False,False,8.63835175,12.7886709
nuscenes,scene-0103_021,yaw,0.5,train,-0.5655042413,1.145038169,False,False,8.629719153,12.79734941
nuscenes,scene-0103_021,yaw,1,train,-0.6597549482,1.145038169,True,False,8.595188766,25.60048678
nuscenes,scene-0103_021,yaw,2,train,-0.9425070688,1.145038169,True,False,8.54914825,51.22448662
nuscenes,scene-0103_021,yaw,3,train,-0.4712535344,1.145038169,True,False,8.517495396,76.82251121
nuscenes,scene-0103_022,baseline,0,train,0,1.145038169,False,False,8.468577348,0
nuscenes,scene-0103_022,yaw,-3,train,-5.027932961,1.145038169,True,False,8.580801105,76.65919481
nuscenes,scene-0103_022,yaw,-2,train,-7.262569832,1.145038169,True,False,8.572168508,51.09241737
nuscenes,scene-0103_022,yaw,-1,train,-5.027932961,1.145038169,True,False,8.526127993,25.55056927
nuscenes,scene-0103_022,yaw,-0.5,train,-2.793296089,1.145038169,False,False,8.500230203,12.77100227
nuscenes,scene-0103_022,yaw,0.5,train,2.234636872,1.145038169,False,True,8.44555709,12.77514906
nuscenes,scene-0103_022,yaw,1,train,3.910614525,1.145038169,True,True,8.422536832,25.54825683
nuscenes,scene-0103_022,yaw,2,train,8.379888268,1.145038169,True,True,8.425414365,51.13289492
nuscenes,scene-0103_022,yaw,3,train,13.40782123,1.145038169,True,True,8.465699816,76.66103495
nuscenes,scene-0103_023,baseline,0,train,0,1.145038169,False,False,8.617511521,0
nuscenes,scene-0103_023,yaw,-3,train,-9.318996416,1.145038169,True,False,8.59735023,76.94791906
nuscenes,scene-0103_023,yaw,-2,train,-7.52688172,1.145038169,True,False,8.600230415,51.24634056
nuscenes,scene-0103_023,yaw,-1,train,-5.376344086,1.145038169,True,False,8.605990783,25.6090997
nuscenes,scene-0103_023,yaw,-0.5,train,-2.508960573,1.145038169,False,False,8.605990783,12.80140848
nuscenes,scene-0103_023,yaw,0.5,train,3.584229391,1.145038169,False,True,8.59735023,12.79053534
nuscenes,scene-0103_023,yaw,1,train,6.093189964,1.145038169,True,True,8.605990783,25.59308664
nuscenes,scene-0103_023,yaw,2,train,12.90322581,1.145038169,True,True,8.603110599,51.16689381
nuscenes,scene-0103_023,yaw,3,train,19.35483871,1.145038169,True,True,8.580069124,76.80311723
nuscenes,scene-0103_024,baseline,0,train,0,1.145038169,False,False,8.510147601,0
nuscenes,scene-0103_024,yaw,-3,train,-8.95140665,1.145038169,True,False,8.515913284,76.65173856
nuscenes,scene-0103_024,yaw,-2,train,-8.184143223,1.145038169,True,False,8.521678967,51.09936899
nuscenes,scene-0103_024,yaw,-1,train,-5.115089514,1.145038169,True,False,8.521678967,25.53788019
nuscenes,scene-0103_024,yaw,-0.5,train,-2.557544757,1.145038169,False,False,8.515913284,12.76250685
nuscenes,scene-0103_024,yaw,0.5,train,2.557544757,1.145038169,False,True,8.504381919,12.75673244
nuscenes,scene-0103_024,yaw,1,train,4.603580563,1.145038169,True,True,8.510147601,25.51577803
nuscenes,scene-0103_024,yaw,2,train,8.439897698,1.145038169,True,True,8.527444649,51.00265519
nuscenes,scene-0103_024,yaw,3,train,12.27621483,1.145038169,True,True,8.521678967,76.47994499
nuscenes,scene-0103_025,baseline,0,train,0,1.145038169,False,False,8.478436347,0
nuscenes,scene-0103_025,yaw,-3,train,-3.976435935,1.145038169,True,False,8.475553506,76.57666105
nuscenes,scene-0103_025,yaw,-2,train,-3.092783505,1.145038169,True,False,8.455373616,51.01531704
nuscenes,scene-0103_025,yaw,-1,train,-2.35640648,1.145038169,True,False,8.449607934,25.48225232
nuscenes,scene-0103_025,yaw,-0.5,train,-1.325478645,1.145038169,False,False,8.487084871,12.74496055
nuscenes,scene-0103_025,yaw,0.5,train,0.58910162,1.145038169,False,False,8.521678967,12.73728944
nuscenes,scene-0103_025,yaw,1,train,1.620029455,1.145038169,True,True,8.515913284,25.47686662
nuscenes,scene-0103_025,yaw,2,train,3.24005891,1.145038169,True,True,8.489967712,50.96817929
nuscenes,scene-0103_025,yaw,3,train,3.681885125,1.145038169,True,True,8.489967712,76.43637054
nuscenes,scene-0103_026,baseline,0,train,0,1.145038169,False,False,8.308348708,0
nuscenes,scene-0103_026,yaw,-3,train,21.31147541,1.145038169,True,True,8.322762915,76.37029626
nuscenes,scene-0103_026,yaw,-2,train,6.557377049,1.145038169,True,True,8.337177122,50.89718159
nuscenes,scene-0103_026,yaw,-1,train,-3.278688525,1.145038169,True,False,8.314114391,25.45182424
nuscenes,scene-0103_026,yaw,-0.5,train,0,1.145038169,False,False,8.314114391,12.72574535
nuscenes,scene-0103_026,yaw,0.5,train,3.278688525,1.145038169,False,True,8.325645756,12.72753958
nuscenes,scene-0103_026,yaw,1,train,6.557377049,1.145038169,True,True,8.322762915,25.44880381
nuscenes,scene-0103_026,yaw,2,train,26.2295082,1.145038169,True,True,8.319880074,50.88247762
nuscenes,scene-0103_026,yaw,3,train,44.26229508,1.145038169,True,True,8.308348708,76.32932295
nuscenes,scene-0103_027,baseline,0,train,0,1.145038169,False,False,8.172191529,0
nuscenes,scene-0103_027,yaw,-3,train,7.777777778,1.145038169,True,True,8.117518416,76.33496099
nuscenes,scene-0103_027,yaw,-2,train,4.444444444,1.145038169,True,True,8.131906077,50.85860114
nuscenes,scene-0103_027,yaw,-1,train,3.333333333,1.145038169,True,True,8.166436464,25.42374758
nuscenes,scene-0103_027,yaw,-0.5,train,1.111111111,1.145038169,False,False,8.157803867,12.70809284
nuscenes,scene-0103_027,yaw,0.5,train,0,1.145038169,False,False,8.143416206,12.71304798
nuscenes,scene-0103_027,yaw,1,train,2.222222222,1.145038169,True,True,8.169313996,25.42086378
nuscenes,scene-0103_027,yaw,2,train,10,1.145038169,True,True,8.23837477,50.84388907
nuscenes,scene-0103_027,yaw,3,train,17.77777778,1.145038169,True,True,8.267150092,76.27220666
nuscenes,scene-0103_028,baseline,0,train,0,1.145038169,False,False,8.03859447,0
nuscenes,scene-0103_028,yaw,-3,train,2.941176471,1.145038169,True,True,8.004032258,76.04920742
nuscenes,scene-0103_028,yaw,-2,train,-1.764705882,1.145038169,True,False,8.024193548,50.63781683
nuscenes,scene-0103_028,yaw,-1,train,-1.176470588,1.145038169,True,False,8.015552995,25.32307833
nuscenes,scene-0103_028,yaw,-0.5,train,-1.176470588,1.145038169,False,False,8.041474654,12.65500583
nuscenes,scene-0103_028,yaw,0.5,train,1.764705882,1.145038169,False,True,8.052995392,12.65650344
nuscenes,scene-0103_028,yaw,1,train,2.941176471,1.145038169,True,True,8.070276498,25.31761158
nuscenes,scene-0103_028,yaw,2,train,5.294117647,1.145038169,True,True,8.084677419,50.64362221
nuscenes,scene-0103_028,yaw,3,train,8.823529412,1.145038169,True,True,8.119239631,75.97404261
nuscenes,scene-0103_029,baseline,0,train,0,1.145038169,False,False,8.021313364,0
nuscenes,scene-0103_029,yaw,-3,train,41.46341463,1.145038169,True,True,7.949308756,76.066387
nuscenes,scene-0103_029,yaw,-2,train,26.82926829,1.145038169,True,True,7.97235023,50.68430048
nuscenes,scene-0103_029,yaw,-1,train,7.317073171,1.145038169,True,True,7.989631336,25.34410873
nuscenes,scene-0103_029,yaw,-0.5,train,0,1.145038169,False,False,8.01843318,12.66232821
nuscenes,scene-0103_029,yaw,0.5,train,0,1.145038169,False,False,8.044354839,12.66149353
nuscenes,scene-0103_029,yaw,1,train,4.87804878,1.145038169,True,True,8.061635945,25.31689966
nuscenes,scene-0103_029,yaw,2,train,19.51219512,1.145038169,True,True,8.078917051,50.62937443
nuscenes,scene-0103_029,yaw,3,train,36.58536585,1.145038169,True,True,8.10483871,75.90521175
nuscenes,scene-0103_030,baseline,0,train,0,1.145038169,False,False,8.146909594,0
nuscenes,scene-0103_030,yaw,-3,train,25.86206897,1.145038169,True,True,8.083487085,75.99855765
nuscenes,scene-0103_030,yaw,-2,train,11.20689655,1.145038169,True,True,8.115198339,50.66030505
nuscenes,scene-0103_030,yaw,-1,train,2.586206897,1.145038169,True,True,8.120964022,25.31409057
nuscenes,scene-0103_030,yaw,-0.5,train,0,1.145038169,False,False,8.129612546,12.66278284
nuscenes,scene-0103_030,yaw,0.5,train,0.8620689655,1.145038169,False,False,8.146909594,12.6555796
nuscenes,scene-0103_030,yaw,1,train,6.034482759,1.145038169,True,True,8.167089483,25.31590179
nuscenes,scene-0103_030,yaw,2,train,16.37931034,1.145038169,True,True,8.18150369,50.64294269
nuscenes,scene-0103_030,yaw,3,train,30.17241379,1.145038169,True,True,8.190152214,76.00678262
nuscenes,scene-0103_031,baseline,0,train,0,1.145038169,False,False,8.129612546,0
nuscenes,scene-0103_031,yaw,-3,train,21.92513369,1.145038169,True,True,8.103666974,76.02835598
nuscenes,scene-0103_031,yaw,-2,train,14.43850267,1.145038169,True,True,8.097901292,50.6426944
nuscenes,scene-0103_031,yaw,-1,train,6.417112299,1.145038169,True,True,8.118081181,25.32003524
nuscenes,scene-0103_031,yaw,-0.5,train,4.278074866,1.145038169,False,True,8.135378229,12.65752651
nuscenes,scene-0103_031,yaw,0.5,train,-2.139037433,1.145038169,False,False,8.155558118,12.65955079
nuscenes,scene-0103_031,yaw,1,train,-2.139037433,1.145038169,True,False,8.164206642,25.31147203
nuscenes,scene-0103_031,yaw,2,train,4.278074866,1.145038169,True,True,8.167089483,50.6095407
nuscenes,scene-0103_031,yaw,3,train,13.36898396,1.145038169,True,True,8.178620849,75.88365129
nuscenes,scene-0103_032,baseline,0,train,0,1.145038169,False,False,8.163558932,0
nuscenes,scene-0103_032,yaw,-3,train,8.823529412,1.145038169,True,True,8.180824125,75.96786115
nuscenes,scene-0103_032,yaw,-2,train,5.656108597,1.145038169,True,True,8.169313996,50.63686748
nuscenes,scene-0103_032,yaw,-1,train,2.036199095,1.145038169,True,True,8.180824125,25.33108416
nuscenes,scene-0103_032,yaw,-0.5,train,0.6787330317,1.145038169,False,False,8.192334254,12.66920838
nuscenes,scene-0103_032,yaw,0.5,train,-1.809954751,1.145038169,False,False,8.169313996,12.6676637
nuscenes,scene-0103_032,yaw,1,train,-2.262443439,1.145038169,True,False,8.146293738,25.34840703
nuscenes,scene-0103_032,yaw,2,train,-1.357466063,1.145038169,True,False,8.123273481,50.68544169
nuscenes,scene-0103_032,yaw,3,train,0.2262443439,1.145038169,True,False,8.117518416,76.03457578
nuscenes,scene-0103_033,baseline,0,train,0,1.145038169,False,False,8.202046918,0
nuscenes,scene-0103_033,yaw,-3,train,13.69863014,1.145038169,True,True,8.210671573,75.83840876
nuscenes,scene-0103_033,yaw,-2,train,6.621004566,1.145038169,True,True,8.207796688,50.54873901
nuscenes,scene-0103_033,yaw,-1,train,2.283105023,1.145038169,True,True,8.213546458,25.2918967
nuscenes,scene-0103_033,yaw,-0.5,train,0.4566210046,1.145038169,False,False,8.204921803,12.64846653
nuscenes,scene-0103_033,yaw,0.5,train,0,1.145038169,False,False,8.181922723,12.65905094
nuscenes,scene-0103_033,yaw,1,train,0.2283105023,1.145038169,True,False,8.193422263,25.32226424
nuscenes,scene-0103_033,yaw,2,train,3.196347032,1.145038169,True,True,8.176172953,50.68497271
nuscenes,scene-0103_033,yaw,3,train,7.077625571,1.145038169,True,True,8.164673413,76.06561408
nuscenes,scene-0103_034,baseline,0,train,0,1.145038169,False,False,8.198800738,0
nuscenes,scene-0103_034,yaw,-3,train,5.539637058,1.145038169,True,True,8.259340406,76.16683527
nuscenes,scene-0103_034,yaw,-2,train,3.438395415,1.145038169,True,True,8.239160517,50.75311995
nuscenes,scene-0103_034,yaw,-1,train,1.146131805,1.145038169,True,True,8.233394834,25.36979604
nuscenes,scene-0103_034,yaw,-0.5,train,0.1910219675,1.145038169,False,False,8.210332103,12.6791323
nuscenes,scene-0103_034,yaw,0.5,train,-0.7640878701,1.145038169,False,False,8.175738007,12.66932522
nuscenes,scene-0103_034,yaw,1,train,-1.432664756,1.145038169,True,False,8.175738007,25.33452823
nuscenes,scene-0103_034,yaw,2,train,-1.719197708,1.145038169,True,False,8.158440959,50.68344302
nuscenes,scene-0103_034,yaw,3,train,-0.09551098376,1.145038169,True,False,8.141143911,76.05134066
nuscenes,scene-0103_035,baseline,0,train,0,1.145038169,False,False,8.090437788,0
nuscenes,scene-0103_035,yaw,-3,train,6.870229008,1.145038169,True,True,8.220046083,76.14963565
nuscenes,scene-0103_035,yaw,-2,train,4.961832061,1.145038169,True,True,8.179723502,50.77621503
nuscenes,scene-0103_035,yaw,-1,train,2.03562341,1.145038169,True,True,8.130760369,25.37428517
nuscenes,scene-0103_035,yaw,-0.5,train,1.145038168,1.145038169,False,False,8.093317972,12.68309142
nuscenes,scene-0103_035,yaw,0.5,train,-0.5089058524,1.145038169,False,False,8.050115207,12.66995955
nuscenes,scene-0103_035,yaw,1,train,-0.8905852417,1.145038169,True,False,8.021313364,25.32946358
nuscenes,scene-0103_035,yaw,2,train,-0.2544529262,1.145038169,True,False,8.009792627,50.64993229
nuscenes,scene-0103_035,yaw,3,train,2.798982188,1.145038169,True,True,7.995391705,75.92364726
nuscenes,scene-0103_036,baseline,0,train,0,1.145038169,False,False,8.042702578,0
nuscenes,scene-0103_036,yaw,-3,train,19.44444444,1.145038169,True,True,8.065722836,76.04786212
nuscenes,scene-0103_036,yaw,-2,train,12.26851852,1.145038169,True,True,8.051335175,50.63032833
nuscenes,scene-0103_036,yaw,-1,train,4.62962963,1.145038169,True,True,8.039825046,25.29778108
nuscenes,scene-0103_036,yaw,-0.5,train,1.851851852,1.145038169,False,True,8.039825046,12.64116835
nuscenes,scene-0103_036,yaw,0.5,train,-2.314814815,1.145038169,False,False,8.068600368,12.63553419
nuscenes,scene-0103_036,yaw,1,train,-2.314814815,1.145038169,True,False,8.042702578,25.26095825
nuscenes,scene-0103_036,yaw,2,train,-3.240740741,1.145038169,True,False,8.042702578,50.47373385
nuscenes,scene-0103_036,yaw,3,train,-2.083333333,1.145038169,True,False,8.016804788,75.65050257
nuscenes,scene-0103_037,baseline,0,train,0,1.145038169,False,False,7.836981567,0
nuscenes,scene-0103_037,yaw,-3,train,4.971002486,1.145038169,True,True,7.862903226,75.8463796
nuscenes,scene-0103_037,yaw,-2,train,2.651201326,1.145038169,True,True,7.860023041,50.51928995
nuscenes,scene-0103_037,yaw,-1,train,0.9113504557,1.145038169,True,False,7.839861751,25.23277586
nuscenes,scene-0103_037,yaw,-0.5,train,0.3314001657,1.145038169,False,False,7.828341014,12.61768141
nuscenes,scene-0103_037,yaw,0.5,train,0,1.145038169,False,False,7.816820276,12.62127282
nuscenes,scene-0103_037,yaw,1,train,0.3314001657,1.145038169,True,False,7.811059908,25.24265014
nuscenes,scene-0103_037,yaw,2,train,1.491300746,1.145038169,True,True,7.796658986,50.46259988
nuscenes,scene-0103_037,yaw,3,train,3.562551781,1.145038169,True,True,7.802419355,75.64720301
nuscenes,scene-0103_038,baseline,0,train,0,1.145038169,False,False,7.867173112,0
nuscenes,scene-0103_038,yaw,-3,train,0.5559968229,1.145038169,True,False,7.83839779,75.18692881
nuscenes,scene-0103_038,yaw,-2,train,-0.4765687053,1.145038169,True,False,7.861418048,50.08045535
nuscenes,scene-0103_038,yaw,-1,train,-0.4765687053,1.145038169,True,False,7.852785451,25.01831113
nuscenes,scene-0103_038,yaw,-0.5,train,-0.4765687053,1.145038169,False,False,7.858540516,12.50287942
nuscenes,scene-0103_038,yaw,0.5,train,0,1.145038169,False,False,7.878683241,12.50844215
nuscenes,scene-0103_038,yaw,1,train,1.270849881,1.145038169,True,True,7.870050645,25.01470221
nuscenes,scene-0103_038,yaw,2,train,2.779984114,1.145038169,True,True,7.893070902,50.00696547
nuscenes,scene-0103_038,yaw,3,train,5.003971406,1.145038169,True,True,7.921846225,74.94063273
nuscenes,scene-0103_039,baseline,0,train,0,1.145038169,False,False,7.762096774,0
nuscenes,scene-0103_039,yaw,-3,train,24.70588235,1.145038169,True,True,7.788018433,75.37574822
nuscenes,scene-0103_039,yaw,-2,train,13.33333333,1.145038169,True,True,7.790898618,50.18230004
nuscenes,scene-0103_039,yaw,-1,train,3.137254902,1.145038169,True,True,7.785138249,25.07408592
nuscenes,scene-0103_039,yaw,-0.5,train,0.7843137255,1.145038169,False,False,7.7390553,12.52926669
nuscenes,scene-0103_039,yaw,0.5,train,0.3921568627,1.145038169,False,False,7.782258065,12.53168331
nuscenes,scene-0103_039,yaw,1,train,2.745098039,1.145038169,True,True,7.828341014,25.06493673
nuscenes,scene-0103_039,yaw,2,train,8.235294118,1.145038169,True,True,7.894585253,50.14724841
nuscenes,scene-0103_039,yaw,3,train,18.43137255,1.145038169,True,True,7.929147465,75.19262069
nuscenes,scene-1094_000,baseline,0,test,0,1.145038169,False,False,10.31686047,0
nuscenes,scene-1094_000,yaw,-3,test,9.87432675,1.145038169,True,True,10.15116279,76.50454047
nuscenes,scene-1094_000,yaw,-2,test,3.052064632,1.145038169,True,True,10.21802326,50.93318202
nuscenes,scene-1094_000,yaw,-1,test,0.1795332136,1.145038169,True,False,10.27325581,25.45080149
nuscenes,scene-1094_000,yaw,-0.5,test,0,1.145038169,False,False,10.30523256,12.72063293
nuscenes,scene-1094_000,yaw,0.5,test,0.5385996409,1.145038169,False,False,10.34593023,12.71906402
nuscenes,scene-1094_000,yaw,1,test,2.692998205,1.145038169,True,True,10.37790698,25.43412408
nuscenes,scene-1094_000,yaw,2,test,9.694793537,1.145038169,True,True,10.42732558,50.86688457
nuscenes,scene-1094_000,yaw,3,test,13.64452424,1.145038169,True,True,10.45930233,76.30272274
nuscenes,scene-1094_001,baseline,0,test,0,1.145038169,False,False,10.24850092,0
nuscenes,scene-1094_001,yaw,-3,test,13.35952849,1.145038169,True,True,10.08417897,76.23930417
nuscenes,scene-1094_001,yaw,-2,test,6.483300589,1.145038169,True,True,10.15048432,50.7717887
nuscenes,scene-1094_001,yaw,-1,test,0.5893909627,1.145038169,True,False,10.21102399,25.3613172
nuscenes,scene-1094_001,yaw,-0.5,test,0,1.145038169,False,False,10.2398524,12.67839887
nuscenes,scene-1094_001,yaw,0.5,test,0.1964636542,1.145038169,False,False,10.26868081,12.67705827
nuscenes,scene-1094_001,yaw,1,test,0.5893909627,1.145038169,True,False,10.26291513,25.35010374
nuscenes,scene-1094_001,yaw,2,test,5.10805501,1.145038169,True,True,10.28309502,50.70788657
nuscenes,scene-1094_001,yaw,3,test,12.18074656,1.145038169,True,True,10.29462638,76.0578334
nuscenes,scene-1094_002,baseline,0,test,0,1.145038169,False,False,10.22753456,0
nuscenes,scene-1094_002,yaw,-3,test,14.40860215,1.145038169,True,True,10.08928571,75.8575496
nuscenes,scene-1094_002,yaw,-2,test,6.23655914,1.145038169,True,True,10.15841014,50.5183337
nuscenes,scene-1094_002,yaw,-1,test,0.4301075269,1.145038169,True,False,10.20737327,25.24191927
nuscenes,scene-1094_002,yaw,-0.5,test,0,1.145038169,False,False,10.20737327,12.6160686
nuscenes,scene-1094_002,yaw,0.5,test,0.2150537634,1.145038169,False,False,10.24193548,12.613375
nuscenes,scene-1094_002,yaw,1,test,0.8602150538,1.145038169,True,False,10.22753456,25.22495631
nuscenes,scene-1094_002,yaw,2,test,4.946236559,1.145038169,True,True,10.20737327,50.47930782
nuscenes,scene-1094_002,yaw,3,test,11.39784946,1.145038169,True,True,10.2016129,75.77431513
nuscenes,scene-1094_003,baseline,0,test,0,1.145038169,False,False,10.3234548,0
nuscenes,scene-1094_003,yaw,-3,test,7.466063348,1.145038169,True,True,10.21390683,75.57895132
nuscenes,scene-1094_003,yaw,-2,test,3.619909502,1.145038169,True,True,10.26003229,50.36993043
nuscenes,scene-1094_003,yaw,-1,test,1.131221719,1.145038169,True,False,10.28021218,25.18024723
nuscenes,scene-1094_003,yaw,-0.5,test,0.6787330317,1.145038169,False,False,10.29174354,12.5844468
nuscenes,scene-1094_003,yaw,0.5,test,-0.4524886878,1.145038169,False,False,10.32922048,12.58414552
nuscenes,scene-1094_003,yaw,1,test,0.2262443439,1.145038169,True,False,10.34075185,25.16609192
nuscenes,scene-1094_003,yaw,2,test,2.262443439,1.145038169,True,True,10.34651753,50.36434589
nuscenes,scene-1094_003,yaw,3,test,4.977375566,1.145038169,True,True,10.30904059,75.59669882
nuscenes,scene-1094_004,baseline,0,test,0,1.145038169,False,False,10.37442396,0
nuscenes,scene-1094_004,yaw,-3,test,9.72972973,1.145038169,True,True,10.25633641,75.4315714
nuscenes,scene-1094_004,yaw,-2,test,4.864864865,1.145038169,True,True,10.30817972,50.270216
nuscenes,scene-1094_004,yaw,-1,test,1.351351351,1.145038169,True,True,10.34562212,25.12899143
nuscenes,scene-1094_004,yaw,-0.5,test,0.8108108108,1.145038169,False,False,10.33410138,12.56853875
nuscenes,scene-1094_004,yaw,0.5,test,-0.2702702703,1.145038169,False,False,10.36578341,12.57505414
nuscenes,scene-1094_004,yaw,1,test,1.351351351,1.145038169,True,True,10.3485023,25.16074051
nuscenes,scene-1094_004,yaw,2,test,3.783783784,1.145038169,True,True,10.24769585,50.34496716
nuscenes,scene-1094_004,yaw,3,test,7.027027027,1.145038169,True,True,10.16993088,75.61053284
nuscenes,scene-1094_005,baseline,0,test,0,1.145038169,False,False,10.20948435,0
nuscenes,scene-1094_005,yaw,-3,test,7.843137255,1.145038169,True,True,10.22387201,75.30964207
nuscenes,scene-1094_005,yaw,-2,test,3.318250377,1.145038169,True,True,10.20948435,50.26761772
nuscenes,scene-1094_005,yaw,-1,test,0.1508295626,1.145038169,True,False,10.19509669,25.15801458
nuscenes,scene-1094_005,yaw,-0.5,test,0,1.145038169,False,False,10.21523941,12.58517315
nuscenes,scene-1094_005,yaw,0.5,test,0.1508295626,1.145038169,False,False,10.21523941,12.58906138
nuscenes,scene-1094_005,yaw,1,test,1.357466063,1.145038169,True,True,10.21523941,25.1730052
nuscenes,scene-1094_005,yaw,2,test,4.524886878,1.145038169,True,True,10.22674954,50.35992221
nuscenes,scene-1094_005,yaw,3,test,7.692307692,1.145038169,True,True,10.26991252,75.62843917
nuscenes,scene-1094_006,baseline,0,test,0,1.145038169,False,False,10.38399446,0
nuscenes,scene-1094_006,yaw,-3,test,9.829867675,1.145038169,True,True,10.2052583,75.77321553
nuscenes,scene-1094_006,yaw,-2,test,2.835538752,1.145038169,True,True,10.24561808,50.51794555
nuscenes,scene-1094_006,yaw,-1,test,0,1.145038169,True,False,10.30904059,25.26239501
nuscenes,scene-1094_006,yaw,-0.5,test,0,1.145038169,False,False,10.34363469,12.63007955
nuscenes,scene-1094_006,yaw,0.5,test,0.3780718336,1.145038169,False,False,10.42723708,12.63268528
nuscenes,scene-1094_006,yaw,1,test,1.890359168,1.145038169,True,True,10.46183118,25.25850577
nuscenes,scene-1094_006,yaw,2,test,6.427221172,1.145038169,True,True,10.48489391,50.51872944
nuscenes,scene-1094_006,yaw,3,test,12.47637051,1.145038169,True,True,10.46759686,75.76361257
nuscenes,scene-1094_007,baseline,0,test,0,1.145038169,False,False,10.59331797,0
nuscenes,scene-1094_007,yaw,-3,test,5.942275042,1.145038169,True,True,10.49251152,75.97044989
nuscenes,scene-1094_007,yaw,-2,test,0.6791171477,1.145038169,True,False,10.54147465,50.6443596
nuscenes,scene-1094_007,yaw,-1,test,-1.528013582,1.145038169,True,False,10.56739631,25.31391723
nuscenes,scene-1094_007,yaw,-0.5,test,-0.8488964346,1.145038169,False,False,10.57315668,12.65681393
nuscenes,scene-1094_007,yaw,0.5,test,1.018675722,1.145038169,False,False,10.5875576,12.64690041
nuscenes,scene-1094_007,yaw,1,test,3.565365025,1.145038169,True,True,10.59331797,25.2908948
nuscenes,scene-1094_007,yaw,2,test,9.168081494,1.145038169,True,True,10.60195853,50.57696124
nuscenes,scene-1094_007,yaw,3,test,14.60101868,1.145038169,True,True,10.60483871,75.83689895
nuscenes,scene-1094_008,baseline,0,test,0,1.145038169,False,False,10.4914825,0
nuscenes,scene-1094_008,yaw,-3,test,1.102362205,1.145038169,True,False,10.49436004,76.07603234
nuscenes,scene-1094_008,yaw,-2,test,-2.519685039,1.145038169,True,False,10.49436004,50.69725911
nuscenes,scene-1094_008,yaw,-1,test,-1.732283465,1.145038169,True,False,10.49723757,25.32430918
nuscenes,scene-1094_008,yaw,-0.5,test,-0.4724409449,1.145038169,False,False,10.49436004,12.65693904
nuscenes,scene-1094_008,yaw,0.5,test,0.9448818898,1.145038169,False,False,10.50299263,12.65161574
nuscenes,scene-1094_008,yaw,1,test,2.519685039,1.145038169,True,True,10.5087477,25.28533607
nuscenes,scene-1094_008,yaw,2,test,7.716535433,1.145038169,True,True,10.49436004,50.52034174
nuscenes,scene-1094_008,yaw,3,test,14.33070866,1.145038169,True,True,10.51162523,75.69206304
nuscenes,scene-1094_009,baseline,0,test,0,1.145038169,False,False,10.42626728,0
nuscenes,scene-1094_009,yaw,-3,test,-4.116638079,1.145038169,True,False,10.38882488,75.62634101
nuscenes,scene-1094_009,yaw,-2,test,-4.802744425,1.145038169,True,False,10.41186636,50.35617025
nuscenes,scene-1094_009,yaw,-1,test,-4.116638079,1.145038169,True,False,10.42050691,25.17411554
nuscenes,scene-1094_009,yaw,-0.5,test,-2.229845626,1.145038169,False,False,10.41762673,12.58408808
nuscenes,scene-1094_009,yaw,0.5,test,2.058319039,1.145038169,False,True,10.43778802,12.57502389
nuscenes,scene-1094_009,yaw,1,test,3.773584906,1.145038169,True,True,10.46370968,25.16062125
nuscenes,scene-1094_009,yaw,2,test,10.46312178,1.145038169,True,True,10.47235023,50.3012902
nuscenes,scene-1094_009,yaw,3,test,19.2109777,1.145038169,True,True,10.48675115,75.4217762
nuscenes,scene-1094_010,baseline,0,test,0,1.145038169,False,False,10.35516605,0
nuscenes,scene-1094_010,yaw,-3,test,-1.907790143,1.145038169,True,False,10.23408672,75.97406524
nuscenes,scene-1094_010,yaw,-2,test,-3.179650238,1.145038169,True,False,10.27732934,50.63706014
nuscenes,scene-1094_010,yaw,-1,test,-2.702702703,1.145038169,True,False,10.3234548,25.31201086
nuscenes,scene-1094_010,yaw,-0.5,test,-1.589825119,1.145038169,False,False,10.33210332,12.66112234
nuscenes,scene-1094_010,yaw,0.5,test,1.907790143,1.145038169,False,True,10.36093173,12.66558701
nuscenes,scene-1094_010,yaw,1,test,3.815580286,1.145038169,True,True,10.37822878,25.33914872
nuscenes,scene-1094_010,yaw,2,test,9.220985692,1.145038169,True,True,10.40417435,50.69442931
nuscenes,scene-1094_010,yaw,3,test,16.85214626,1.145038169,True,True,10.43011993,76.00671178
nuscenes,scene-1094_011,baseline,0,test,0,1.145038169,False,False,10.26003229,0
nuscenes,scene-1094_011,yaw,-3,test,1.92,1.145038169,True,True,10.02652214,75.94191475
nuscenes,scene-1094_011,yaw,-2,test,-1.76,1.145038169,True,False,10.10147601,50.60146903
nuscenes,scene-1094_011,yaw,-1,test,-3.36,1.145038169,True,False,10.17642989,25.30195368
nuscenes,scene-1094_011,yaw,-0.5,test,-1.28,1.145038169,False,False,10.21390683,12.64566563
nuscenes,scene-1094_011,yaw,0.5,test,1.76,1.145038169,False,True,10.28309502,12.6480363
nuscenes,scene-1094_011,yaw,1,test,3.2,1.145038169,True,True,10.31768911,25.30104899
nuscenes,scene-1094_011,yaw,2,test,7.52,1.145038169,True,True,10.37534594,50.5626295
nuscenes,scene-1094_011,yaw,3,test,13.12,1.145038169,True,True,10.39552583,75.87598561
nuscenes,scene-1094_012,baseline,0,test,0,1.145038169,False,False,9.737569061,0
nuscenes,scene-1094_012,yaw,-3,test,5.081967213,1.145038169,True,True,9.495856354,75.62809292
nuscenes,scene-1094_012,yaw,-2,test,0.9836065574,1.145038169,True,False,9.567794659,50.3894546
nuscenes,scene-1094_012,yaw,-1,test,-1.967213115,1.145038169,True,False,9.654120626,25.19683029
nuscenes,scene-1094_012,yaw,-0.5,test,-1.147540984,1.145038169,False,False,9.685773481,12.59940882
nuscenes,scene-1094_012,yaw,0.5,test,1.639344262,1.145038169,False,True,9.772099448,12.6004709
nuscenes,scene-1094_012,yaw,1,test,3.114754098,1.145038169,True,True,9.838282689,25.19640784
nuscenes,scene-1094_012,yaw,2,test,7.704918033,1.145038169,True,True,9.953383978,50.35719722
nuscenes,scene-1094_012,yaw,3,test,14.59016393,1.145038169,True,True,10.01093462,75.55590303
nuscenes,scene-1094_013,baseline,0,test,0,1.145038169,False,False,9.14191989,0
nuscenes,scene-1094_013,yaw,-3,test,10.33057851,1.145038169,True,True,8.977900552,76.07615126
nuscenes,scene-1094_013,yaw,-2,test,3.925619835,1.145038169,True,True,9.041206262,50.66321288
nuscenes,scene-1094_013,yaw,-1,test,0.2066115702,1.145038169,True,False,9.084369245,25.29533562
nuscenes,scene-1094_013,yaw,-0.5,test,-1.239669421,1.145038169,False,False,9.124654696,12.64057696
nuscenes,scene-1094_013,yaw,0.5,test,1.446280992,1.145038169,False,True,9.153430018,12.6224454
nuscenes,scene-1094_013,yaw,1,test,3.512396694,1.145038169,True,True,9.170695212,25.25122331
nuscenes,scene-1094_013,yaw,2,test,10.33057851,1.145038169,True,True,9.216735727,50.45695754
nuscenes,scene-1094_013,yaw,3,test,19.00826446,1.145038169,True,True,9.274286372,75.68062549
nuscenes,scene-1094_014,baseline,0,test,0,1.145038169,False,False,8.349654378,0
nuscenes,scene-1094_014,yaw,-3,test,15.77946768,1.145038169,True,True,8.27764977,76.85966259
nuscenes,scene-1094_014,yaw,-2,test,8.365019011,1.145038169,True,True,8.289170507,51.20664087
nuscenes,scene-1094_014,yaw,-1,test,2.091254753,1.145038169,True,True,8.303571429,25.57281757
nuscenes,scene-1094_014,yaw,-0.5,test,0.1901140684,1.145038169,False,False,8.315092166,12.77824943
nuscenes,scene-1094_014,yaw,0.5,test,0,1.145038169,False,False,8.361175115,12.7666517
nuscenes,scene-1094_014,yaw,1,test,1.520912548,1.145038169,True,True,8.392857143,25.50321582
nuscenes,scene-1094_014,yaw,2,test,7.604562738,1.145038169,True,True,8.467741935,51.00277358
nuscenes,scene-1094_014,yaw,3,test,14.06844106,1.145038169,True,True,8.565668203,76.46965606
nuscenes,scene-1094_015,baseline,0,test,0,1.145038169,False,False,8.129028545,0
nuscenes,scene-1094_015,yaw,-3,test,15.74585635,1.145038169,True,True,8.103130755,77.70682024
nuscenes,scene-1094_015,yaw,-2,test,10.35911602,1.145038169,True,True,8.111763352,51.84665596
nuscenes,scene-1094_015,yaw,-1,test,4.834254144,1.145038169,True,True,8.111763352,25.91726689
nuscenes,scene-1094_015,yaw,-0.5,test,1.657458564,1.145038169,False,True,8.140538674,12.95754318
nuscenes,scene-1094_015,yaw,0.5,test,-2.209944751,1.145038169,False,False,8.166436464,12.95915847
nuscenes,scene-1094_015,yaw,1,test,-2.071823204,1.145038169,True,False,8.149171271,25.92530532
nuscenes,scene-1094_015,yaw,2,test,-1.657458564,1.145038169,True,False,8.143416206,51.82846876
nuscenes,scene-1094_015,yaw,3,test,2.071823204,1.145038169,True,True,8.129028545,77.72061516
nuscenes,scene-1094_016,baseline,0,test,0,1.145038169,False,False,8.013556985,0
nuscenes,scene-1094_016,yaw,-3,test,10.67961165,1.145038169,True,True,8.071001838,76.55598407
nuscenes,scene-1094_016,yaw,-2,test,5.825242718,1.145038169,True,True,8.05089614,51.10905098
nuscenes,scene-1094_016,yaw,-1,test,3.074433657,1.145038169,True,True,7.990579044,25.53921983
nuscenes,scene-1094_016,yaw,-0.5,test,1.779935275,1.145038169,False,True,7.990579044,12.77366465
nuscenes,scene-1094_016,yaw,0.5,test,-0.9708737864,1.145038169,False,False,8.016429228,12.78394362
nuscenes,scene-1094_016,yaw,1,test,0.1618122977,1.145038169,True,False,8.048023897,25.58485023
nuscenes,scene-1094_016,yaw,2,test,1.132686084,1.145038169,True,False,8.114085478,51.17213658
nuscenes,scene-1094_016,yaw,3,test,3.074433657,1.145038169,True,True,8.128446691,76.84312049
nuscenes,scene-1094_017,baseline,0,test,0,1.145038169,False,False,8.042702578,0
nuscenes,scene-1094_017,yaw,-3,test,28.33333333,1.145038169,True,True,8.10888582,76.45285119
nuscenes,scene-1094_017,yaw,-2,test,18.33333333,1.145038169,True,True,8.126151013,50.99964635
nuscenes,scene-1094_017,yaw,-1,test,8.888888889,1.145038169,True,True,8.077232965,25.49536303
nuscenes,scene-1094_017,yaw,-0.5,test,3.888888889,1.145038169,False,True,8.057090239,12.75477678
nuscenes,scene-1094_017,yaw,0.5,test,-1.111111111,1.145038169,False,False,8.036947514,12.75969858
nuscenes,scene-1094_017,yaw,1,test,1.111111111,1.145038169,True,False,8.031192449,25.53396764
nuscenes,scene-1094_017,yaw,2,test,3.888888889,1.145038169,True,True,8.016804788,51.08922971
nuscenes,scene-1094_017,yaw,3,test,14.44444444,1.145038169,True,True,8.016804788,76.64257855
nuscenes,scene-1094_018,baseline,0,test,0,1.145038169,False,False,7.973939114,0
nuscenes,scene-1094_018,yaw,-3,test,33.05084746,1.145038169,True,True,8.132495387,75.91403491
nuscenes,scene-1094_018,yaw,-2,test,20.33898305,1.145038169,True,True,8.083487085,50.67687327
nuscenes,scene-1094_018,yaw,-1,test,10.16949153,1.145038169,True,True,8.011416052,25.38149953
nuscenes,scene-1094_018,yaw,-0.5,test,4.237288136,1.145038169,False,True,7.979704797,12.68943899
nuscenes,scene-1094_018,yaw,0.5,test,0,1.145038169,False,False,7.947993542,12.70233685
nuscenes,scene-1094_018,yaw,1,test,-4.237288136,1.145038169,True,False,7.947993542,25.40830022
nuscenes,scene-1094_018,yaw,2,test,-4.237288136,1.145038169,True,False,7.89898524,50.86544569
nuscenes,scene-1094_018,yaw,3,test,2.542372881,1.145038169,True,True,7.864391144,76.4018404
nuscenes,scene-1094_019,baseline,0,test,0,1.145038169,False,False,8.155558118,0
nuscenes,scene-1094_019,yaw,-3,test,21.30177515,1.145038169,True,True,8.285285978,75.7066726
nuscenes,scene-1094_019,yaw,-2,test,11.24260355,1.145038169,True,True,8.242043358,50.46878294
nuscenes,scene-1094_019,yaw,-1,test,4.142011834,1.145038169,True,True,8.207449262,25.23802206
nuscenes,scene-1094_019,yaw,-0.5,test,1.183431953,1.145038169,False,True,8.193035055,12.62004472
nuscenes,scene-1094_019,yaw,0.5,test,0.5917159763,1.145038169,False,False,8.13826107,12.63172159
nuscenes,scene-1094_019,yaw,1,test,1.775147929,1.145038169,True,True,8.112315498,25.26681092
nuscenes,scene-1094_019,yaw,2,test,4.142011834,1.145038169,True,True,8.083487085,50.52757429
nuscenes,scene-1094_019,yaw,3,test,12.4260355,1.145038169,True,True,8.0287131,75.83629902
nuscenes,scene-1094_020,baseline,0,test,0,1.145038169,False,False,8.078917051,0
nuscenes,scene-1094_020,yaw,-3,test,42.42424242,1.145038169,True,True,8.245967742,75.15016475
nuscenes,scene-1094_020,yaw,-2,test,27.27272727,1.145038169,True,True,8.179723502,50.12763861
nuscenes,scene-1094_020,yaw,-1,test,11.11111111,1.145038169,True,True,8.125,25.06836528
nuscenes,scene-1094_020,yaw,-0.5,test,6.060606061,1.145038169,False,True,8.107718894,12.54132831
nuscenes,scene-1094_020,yaw,0.5,test,0,1.145038169,False,False,8.041474654,12.55165253
nuscenes,scene-1094_020,yaw,1,test,-2.02020202,1.145038169,True,False,8.044354839,25.11096973
nuscenes,scene-1094_020,yaw,2,test,7.070707071,1.145038169,True,True,8.015552995,50.27381888
nuscenes,scene-1094_020,yaw,3,test,16.16161616,1.145038169,True,True,7.963709677,75.51386641
nuscenes,scene-1094_021,baseline,0,test,0,1.145038169,False,False,8.025830258,0
nuscenes,scene-1094_021,yaw,-3,test,26.11464968,1.145038169,True,True,8.069072878,74.87552039
nuscenes,scene-1094_021,yaw,-2,test,14.64968153,1.145038169,True,True,7.997001845,49.91973451
nuscenes,scene-1094_021,yaw,-1,test,5.732484076,1.145038169,True,True,8.005650369,24.95574628
nuscenes,scene-1094_021,yaw,-0.5,test,1.27388535,1.145038169,False,True,7.98547048,12.47989625
nuscenes,scene-1094_021,yaw,0.5,test,0.6369426752,1.145038169,False,False,8.025830258,12.48376679
nuscenes,scene-1094_021,yaw,1,test,0,1.145038169,True,False,8.043127306,24.97932617
nuscenes,scene-1094_021,yaw,2,test,9.554140127,1.145038169,True,True,7.988353321,49.98933383
nuscenes,scene-1094_021,yaw,3,test,17.19745223,1.145038169,True,True,7.962407749,75.04707756
nuscenes,scene-1094_022,baseline,0,test,0,1.145038169,False,False,8.290050785,0
nuscenes,scene-1094_022,yaw,-3,test,39.58333333,1.145038169,True,True,8.422783934,74.76277998
nuscenes,scene-1094_022,yaw,-2,test,16.66666667,1.145038169,True,True,8.370844875,49.80278584
nuscenes,scene-1094_022,yaw,-1,test,4.166666667,1.145038169,True,True,8.33910434,24.90219921
nuscenes,scene-1094_022,yaw,-0.5,test,0,1.145038169,False,False,8.316020314,12.4520723
nuscenes,scene-1094_022,yaw,0.5,test,6.25,1.145038169,False,True,8.269852262,12.43958082
nuscenes,scene-1094_022,yaw,1,test,6.25,1.145038169,True,True,8.266966759,24.88713864
nuscenes,scene-1094_022,yaw,2,test,16.66666667,1.145038169,True,True,8.255424746,49.75773407
nuscenes,scene-1094_022,yaw,3,test,35.41666667,1.145038169,True,True,8.235226223,74.75458531
nuscenes,scene-1094_023,baseline,0,test,0,1.145038169,False,False,8.616812731,0
nuscenes,scene-1094_023,yaw,-3,test,17.24137931,1.145038169,True,True,8.775369004,75.00919911
nuscenes,scene-1094_023,yaw,-2,test,17.24137931,1.145038169,True,True,8.735009225,49.98538773
nuscenes,scene-1094_023,yaw,-1,test,12.06896552,1.145038169,True,True,8.660055351,24.98489409
nuscenes,scene-1094_023,yaw,-0.5,test,5.172413793,1.145038169,False,True,8.642758303,12.48813885
nuscenes,scene-1094_023,yaw,0.5,test,-3.448275862,1.145038169,False,False,8.582218635,12.49123198
nuscenes,scene-1094_023,yaw,1,test,-10.34482759,1.145038169,True,False,8.559155904,24.98041761
nuscenes,scene-1094_023,yaw,2,test,-12.06896552,1.145038169,True,False,8.498616236,50.01189905
nuscenes,scene-1094_023,yaw,3,test,-12.06896552,1.145038169,True,False,8.452490775,75.06674484
nuscenes,scene-1094_024,baseline,0,test,0,1.145038169,False,False,8.599515683,0
nuscenes,scene-1094_024,yaw,-3,test,66.66666667,1.145038169,True,True,8.812845941,75.32848421
nuscenes,scene-1094_024,yaw,-2,test,40,1.145038169,True,True,8.735009225,50.21046475
nuscenes,scene-1094_024,yaw,-1,test,13.33333333,1.145038169,True,True,8.662938192,25.1034266
nuscenes,scene-1094_024,yaw,-0.5,test,3.333333333,1.145038169,False,True,8.622578413,12.5484279
nuscenes,scene-1094_024,yaw,0.5,test,3.333333333,1.145038169,False,True,8.556273063,12.53761184
nuscenes,scene-1094_024,yaw,1,test,13.33333333,1.145038169,True,True,8.530327491,25.09253894
nuscenes,scene-1094_024,yaw,2,test,40,1.145038169,True,True,8.446725092,50.23662748
nuscenes,scene-1094_024,yaw,3,test,66.66666667,1.145038169,True,True,8.429428044,75.49178383
nuscenes,scene-1094_025,baseline,0,test,0,1.145038169,False,False,8.620391705,0
nuscenes,scene-1094_025,yaw,-3,test,69.04761905,1.145038169,True,True,8.706797235,75.41095927
nuscenes,scene-1094_025,yaw,-2,test,40.47619048,1.145038169,True,True,8.637672811,50.28429657
nuscenes,scene-1094_025,yaw,-1,test,11.9047619,1.145038169,True,True,8.634792627,25.14078443
nuscenes,scene-1094_025,yaw,-0.5,test,7.142857143,1.145038169,False,True,8.626152074,12.57359884
nuscenes,scene-1094_025,yaw,0.5,test,7.142857143,1.145038169,False,True,8.594470046,12.57879132
nuscenes,scene-1094_025,yaw,1,test,14.28571429,1.145038169,True,True,8.565668203,25.16000423
nuscenes,scene-1094_025,yaw,2,test,40.47619048,1.145038169,True,True,8.513824885,50.36918787
nuscenes,scene-1094_025,yaw,3,test,69.04761905,1.145038169,True,True,8.418778802,75.52297093
nuscenes,scene-1094_026,baseline,0,test,0,1.145038169,False,False,8.644106814,0
nuscenes,scene-1094_026,yaw,-3,test,76.66666667,1.145038169,True,True,8.74194291,75.85582769
nuscenes,scene-1094_026,yaw,-2,test,50,1.145038169,True,True,8.71604512,50.58822248
nuscenes,scene-1094_026,yaw,-1,test,20,1.145038169,True,True,8.646984346,25.29194344
nuscenes,scene-1094_026,yaw,-0.5,test,6.666666667,1.145038169,False,True,8.652739411,12.64606739
nuscenes,scene-1094_026,yaw,0.5,test,6.666666667,1.145038169,False,True,8.632596685,12.62677544
nuscenes,scene-1094_026,yaw,1,test,10,1.145038169,True,True,8.609576427,25.2414803
nuscenes,scene-1094_026,yaw,2,test,33.33333333,1.145038169,True,True,8.552025783,50.43914973
nuscenes,scene-1094_026,yaw,3,test,63.33333333,1.145038169,True,True,8.494475138,75.58535301
nuscenes,scene-1094_027,baseline,0,test,0,1.145038169,False,False,8.687269797,0
nuscenes,scene-1094_027,yaw,-3,test,84.31372549,1.145038169,True,True,8.805248619,75.10131727
nuscenes,scene-1094_027,yaw,-2,test,56.8627451,1.145038169,True,True,8.779350829,50.11492099
nuscenes,scene-1094_027,yaw,-1,test,21.56862745,1.145038169,True,True,8.74194291,25.08090999
nuscenes,scene-1094_027,yaw,-0.5,test,5.882352941,1.145038169,False,True,8.727555249,12.54216213
nuscenes,scene-1094_027,yaw,0.5,test,3.921568627,1.145038169,False,True,8.667127072,12.53884257
nuscenes,scene-1094_027,yaw,1,test,11.76470588,1.145038169,True,True,8.603821363,25.06819397
nuscenes,scene-1094_027,yaw,2,test,41.17647059,1.145038169,True,True,8.526127993,50.11499785
nuscenes,scene-1094_027,yaw,3,test,74.50980392,1.145038169,True,True,8.480087477,75.10089041
nuscenes,scene-1094_028,baseline,0,test,0,1.145038169,False,False,8.577923573,0
nuscenes,scene-1094_028,yaw,-3,test,81.63265306,1.145038169,True,True,8.569290976,75.00288452
nuscenes,scene-1094_028,yaw,-2,test,61.2244898,1.145038169,True,True,8.623964088,50.00357106
nuscenes,scene-1094_028,yaw,-1,test,16.32653061,1.145038169,True,True,8.589433702,24.98880278
nuscenes,scene-1094_028,yaw,-0.5,test,4.081632653,1.145038169,False,True,8.586556169,12.49224035
nuscenes,scene-1094_028,yaw,0.5,test,0,1.145038169,False,False,8.560658379,12.50372146
nuscenes,scene-1094_028,yaw,1,test,6.12244898,1.145038169,True,True,8.537638122,25.03180772
nuscenes,scene-1094_028,yaw,2,test,12.24489796,1.145038169,True,True,8.491597606,50.11170317
nuscenes,scene-1094_028,yaw,3,test,30.6122449,1.145038169,True,True,8.503107735,75.18342107
nuscenes,scene-1094_029,baseline,0,test,0,1.145038169,False,False,8.778801843,0
nuscenes,scene-1094_029,yaw,-3,test,8.163265306,1.145038169,True,True,8.830645161,75.01638289
nuscenes,scene-1094_029,yaw,-2,test,6.12244898,1.145038169,True,True,8.804723502,49.96909486
nuscenes,scene-1094_029,yaw,-1,test,2.040816327,1.145038169,True,True,8.778801843,24.98769523
nuscenes,scene-1094_029,yaw,-0.5,test,2.040816327,1.145038169,False,True,8.796082949,12.49965303
nuscenes,scene-1094_029,yaw,0.5,test,-4.081632653,1.145038169,False,False,8.752880184,12.50985057
nuscenes,scene-1094_029,yaw,1,test,-12.24489796,1.145038169,True,False,8.752880184,25.03498282
nuscenes,scene-1094_029,yaw,2,test,-20.40816327,1.145038169,True,False,8.755760369,50.1400378
nuscenes,scene-1094_029,yaw,3,test,-26.53061224,1.145038169,True,False,8.764400922,75.28216643
nuscenes,scene-1094_030,baseline,0,test,0,1.145038169,False,False,8.914170507,0
nuscenes,scene-1094_030,yaw,-3,test,35.71428571,1.145038169,True,True,8.862327189,74.96755349
nuscenes,scene-1094_030,yaw,-2,test,11.9047619,1.145038169,True,True,8.876728111,49.97107538
nuscenes,scene-1094_030,yaw,-1,test,2.380952381,1.145038169,True,True,8.882488479,24.99149993
nuscenes,scene-1094_030,yaw,-0.5,test,0,1.145038169,False,False,8.911290323,12.49653909
nuscenes,scene-1094_030,yaw,0.5,test,0,1.145038169,False,False,8.914170507,12.50329964
nuscenes,scene-1094_030,yaw,1,test,7.142857143,1.145038169,True,True,8.925691244,25.02381026
nuscenes,scene-1094_030,yaw,2,test,54.76190476,1.145038169,True,True,8.925691244,50.0744957
nuscenes,scene-1094_030,yaw,3,test,80.95238095,1.145038169,True,True,8.914170507,75.22044734
nuscenes,scene-1094_038,baseline,0,test,0,1.145038169,False,False,7.564575646,0
nuscenes,scene-1094_038,yaw,-3,test,30.95238095,1.145038169,True,True,7.630880996,74.14898169
nuscenes,scene-1094_038,yaw,-2,test,19.04761905,1.145038169,True,True,7.5962869,49.42521219
nuscenes,scene-1094_038,yaw,-1,test,4.761904762,1.145038169,True,True,7.570341328,24.75199568
nuscenes,scene-1094_038,yaw,-0.5,test,0,1.145038169,False,False,7.544395756,12.38109261
nuscenes,scene-1094_038,yaw,0.5,test,0,1.145038169,False,False,7.55304428,12.39691326
nuscenes,scene-1094_038,yaw,1,test,2.380952381,1.145038169,True,True,7.567458487,24.81771534
nuscenes,scene-1094_038,yaw,2,test,9.523809524,1.145038169,True,True,7.555927122,49.69877162
nuscenes,scene-1094_038,yaw,3,test,28.57142857,1.145038169,True,True,7.55304428,74.64992368
